sample,polytunnel,rep,sub_block,pot_number,line_number,Collaborator1_name,Internal_accession_name,Accession_Name,Originating organisation,JIC_internal_accession_id,days.to.flowering,number.of.first.branch
28,1,1,1,46,3,BnaDFFS001,BnaDFFS001,RRES14_BnaDFFS001,RRES,s-00001,199,10
9,2,2,2,47,3,BnaDFFS001,BnaDFFS001,RRES14_BnaDFFS001,RRES,s-00001,205,8
66,1,3,3,48,3,BnaDFFS001,BnaDFFS001,RRES14_BnaDFFS001,RRES,s-00001,204,9
3,2,1,4,49,5,BnaDFS002,BnaDFS002,RRES14_BnaDFS002,RRES,s-00002,202,10
14,1,2,5,50,5,BnaDFS002,BnaDFS002,RRES14_BnaDFS002,RRES,s-00002,202,9
23,2,3,6,51,5,BnaDFS002,BnaDFS002,RRES14_BnaDFS002,RRES,s-00002,201,10
27,2,1,7,52,7,BnaDFFS003 Ref1,BnaDFFS003,RRES14_BnaDFFS003,RRES,s-00003,201,8
31,1,2,1,53,7,BnaDFFS003 Ref1,BnaDFFS003,RRES14_BnaDFFS003,RRES,s-00003,201,8
32,2,3,2,54,7,BnaDFFS003 Ref1,BnaDFFS003,RRES14_BnaDFFS003,RRES,s-00003,201,10
42,2,1,3,55,14,BnaDFFS004,BnaDFFS004,RRES14_BnaDFFS004,RRES,s-00004,201,9
43,1,2,4,56,14,BnaDFFS004,BnaDFFS004,RRES14_BnaDFFS004,RRES,s-00004,197,7
56,1,3,5,27,14,BnaDFFS004,BnaDFFS004,RRES14_BnaDFFS004,RRES,s-00004,197,10
65,2,1,6,28,17,BnaDFFS005,BnaDFFS005,RRES14_BnaDFFS005,RRES,s-00005,197,9
5,2,2,7,29,17,BnaDFFS005,BnaDFFS005,RRES14_BnaDFFS005,RRES,s-00005,196,6
10,1,3,1,30,17,BnaDFFS005,BnaDFFS005,RRES14_BnaDFFS005,RRES,s-00005,193,10
19,1,1,2,31,21,BnaDFFS006,BnaDFFS006,RRES14_BnaDFFS006,RRES,s-00006,194,9
22,1,2,3,32,21,BnaDFFS006,BnaDFFS006,RRES14_BnaDFFS006,RRES,s-00006,205,8
30,1,3,4,33,21,BnaDFFS006,BnaDFFS006,RRES14_BnaDFFS006,RRES,s-00006,205,9
33,2,1,5,34,23,BnaDFFS007,BnaDFFS007,RRES14_BnaDFFS007,RRES,s-00007,195,10
41,2,2,6,35,23,BnaDFFS007,BnaDFFS007,RRES14_BnaDFFS007,RRES,s-00007,199,10
44,1,3,7,36,23,BnaDFFS007,BnaDFFS007,RRES14_BnaDFFS007,RRES,s-00007,205,10
52,2,1,1,37,28,BnaDFFS008,BnaDFFS008,RRES14_BnaDFFS008,RRES,s-00008,204,8
61,2,2,2,64,28,BnaDFFS008,BnaDFFS008,RRES14_BnaDFFS008,RRES,s-00008,202,10
64,1,3,3,1,28,BnaDFFS008,BnaDFFS008,RRES14_BnaDFFS008,RRES,s-00008,202,9
15,1,1,4,2,30,BnaDFFS009,BnaDFFS009,RRES14_BnaDFFS009,RRES,s-00009,201,10
26,2,2,5,3,30,BnaDFFS009,BnaDFFS009,RRES14_BnaDFFS009,RRES,s-00009,201,8
57,1,3,6,4,30,BnaDFFS009,BnaDFFS009,RRES14_BnaDFFS009,RRES,s-00009,201,9
1,1,1,7,5,35,BnaDFFS010,BnaDFFS010,RRES14_BnaDFFS010,RRES,s-00010,201,10
6,1,2,1,6,35,BnaDFFS010,BnaDFFS010,RRES14_BnaDFFS010,RRES,s-00010,201,9
11,1,3,2,7,35,BnaDFFS010,BnaDFFS010,RRES14_BnaDFFS010,RRES,s-00010,197,10
16,2,1,3,8,37,BnaDFFS011,BnaDFFS011,RRES14_BnaDFFS011,RRES,s-00011,197,8
20,2,2,4,9,37,BnaDFFS011,BnaDFFS011,RRES14_BnaDFFS011,RRES,s-00011,197,8
29,1,3,5,65,37,BnaDFFS011,BnaDFFS011,RRES14_BnaDFFS011,RRES,s-00011,196,10
53,1,1,6,10,38,BnaDFFS012,BnaDFFS012,RRES14_BnaDFFS012,RRES,s-00012,199,9
58,1,2,7,11,38,BnaDFFS012,BnaDFFS012,RRES14_BnaDFFS012,RRES,s-00012,205,7
62,1,3,1,12,38,BnaDFFS012,BnaDFFS012,RRES14_BnaDFFS012,RRES,s-00012,204,10
4,2,1,2,13,40,BnaDFFS013,BnaDFFS013,RRES14_BnaDFFS013,RRES,s-00013,202,9
12,2,2,3,14,40,BnaDFFS013,BnaDFFS013,RRES14_BnaDFFS013,RRES,s-00013,202,6
35,1,3,4,15,40,BnaDFFS013,BnaDFFS013,RRES14_BnaDFFS013,RRES,s-00013,201,10
46,2,1,5,66,45,BnaDFFS014,BnaDFFS014,RRES14_BnaDFFS014,RRES,s-00014,201,9
54,2,2,6,16,45,BnaDFFS014,BnaDFFS014,RRES14_BnaDFFS014,RRES,s-00014,201,8
17,1,3,7,17,45,BnaDFFS014,BnaDFFS014,RRES14_BnaDFFS014,RRES,s-00014,201,9
36,1,1,1,18,47,BnaDFFS015,BnaDFFS015,RRES14_BnaDFFS015,RRES,s-00015,201,10
47,1,2,2,19,47,BnaDFFS015,BnaDFFS015,RRES14_BnaDFFS015,RRES,s-00015,197,10
59,2,3,3,38,47,BnaDFFS015,BnaDFFS015,RRES14_BnaDFFS015,RRES,s-00015,197,10
2,1,1,4,39,49,BnaDFFS016,BnaDFFS016,RRES14_BnaDFFS016,RRES,s-00016,197,8
7,1,2,5,20,49,BnaDFFS016,BnaDFFS016,RRES14_BnaDFFS016,RRES,s-00016,196,10
18,1,3,6,21,49,BnaDFFS016,BnaDFFS016,RRES14_BnaDFFS016,RRES,s-00016,193,9
25,2,1,7,22,55,BnaDFFS017 Ref2,BnaDFFS017,RRES14_BnaDFFS017,RRES,s-00017,194,10
60,2,2,1,23,55,BnaDFFS017 Ref2,BnaDFFS017,RRES14_BnaDFFS017,RRES,s-00017,205,8
8,1,3,2,24,55,BnaDFFS017 Ref2,BnaDFFS017,RRES14_BnaDFFS017,RRES,s-00017,205,9
38,1,1,3,25,57,BnaDFFS018,BnaDFFS018,RRES14_BnaDFFS018,RRES,s-00018,195,10
49,2,2,4,40,57,BnaDFFS018,BnaDFFS018,RRES14_BnaDFFS018,RRES,s-00018,199,9
34,1,3,5,41,57,BnaDFFS018,BnaDFFS018,RRES14_BnaDFFS018,RRES,s-00018,205,10
45,1,1,6,26,58,BnaDFFS019,BnaDFFS019,RRES14_BnaDFFS019,RRES,s-00019,204,8
37,1,2,7,42,58,BnaDFFS019,BnaDFFS019,RRES14_BnaDFFS019,RRES,s-00019,202,8
48,1,3,1,43,58,BnaDFFS019,BnaDFFS019,RRES14_BnaDFFS019,RRES,s-00019,202,10